{"cameraMode":{"drawMode":0,"name":"Shaded","section":"Shading Mode"},"sceneLighting":false,"audioPlay":false,"sceneViewState":{"m_AlwaysRefresh":false,"showFog":true,"showSkybox":false,"showFlares":true,"showImageEffects":true,"showParticleSystems":true,"showVisualEffectGraphs":true,"m_FxEnabled":true},"in2DMode":false,"pivot":{"x":0.3521999418735504,"y":-0.012088611721992493,"z":-1.2129524946212769},"rotation":{"x":-0.008629832416772843,"y":-0.9879124164581299,"z":0.05965399369597435,"w":-0.14295847713947297},"size":0.8155187964439392,"orthographic":false}