{"cameraMode":{"drawMode":0,"name":"Shaded","section":"Shading Mode"},"sceneLighting":false,"audioPlay":false,"sceneViewState":{"m_AlwaysRefresh":false,"showFog":true,"showSkybox":false,"showFlares":true,"showImageEffects":true,"showParticleSystems":true,"showVisualEffectGraphs":true,"m_FxEnabled":true},"in2DMode":false,"pivot":{"x":0.5256315469741821,"y":-1.487398386001587,"z":-2.8175501823425295},"rotation":{"x":0.15912599861621858,"y":-0.8361451625823975,"z":0.3193252980709076,"w":0.4166526794433594},"size":0.25980764627456667,"orthographic":false}