{"cameraMode":{"drawMode":0,"name":"Shaded","section":"Shading Mode"},"sceneLighting":false,"audioPlay":false,"sceneViewState":{"m_AlwaysRefresh":false,"showFog":true,"showSkybox":false,"showFlares":true,"showImageEffects":true,"showParticleSystems":true,"showVisualEffectGraphs":true,"m_FxEnabled":true},"in2DMode":false,"pivot":{"x":0.17213767766952516,"y":-0.036320216953754428,"z":-0.015785232186317445},"rotation":{"x":0.02539154142141342,"y":-0.9500916004180908,"z":0.0802929550409317,"w":0.3004584312438965},"size":0.12646761536598206,"orthographic":false}