{"cameraMode":{"drawMode":0,"name":"Shaded","section":"Shading Mode"},"sceneLighting":true,"audioPlay":false,"sceneViewState":{"m_AlwaysRefresh":false,"showFog":true,"showSkybox":true,"showFlares":true,"showImageEffects":true,"showParticleSystems":true,"showVisualEffectGraphs":true,"m_FxEnabled":true},"in2DMode":false,"pivot":{"x":0.49383115768432619,"y":4.696778774261475,"z":0.014322280883789063},"rotation":{"x":-0.17196863889694215,"y":0.8018837571144104,"z":-0.5012269616127014,"w":-0.2770785391330719},"size":3.1880548000335695,"orthographic":false}