{"cameraMode":{"drawMode":0,"name":"Shaded","section":"Shading Mode"},"sceneLighting":false,"audioPlay":false,"sceneViewState":{"m_AlwaysRefresh":false,"showFog":true,"showSkybox":false,"showFlares":true,"showImageEffects":true,"showParticleSystems":true,"showVisualEffectGraphs":true,"m_FxEnabled":true},"in2DMode":false,"pivot":{"x":0.06401097774505615,"y":-0.07743941247463227,"z":-0.07290905714035034},"rotation":{"x":0.04481268301606178,"y":-0.9356699585914612,"z":0.12881416082382203,"w":0.3255063593387604},"size":0.21938946843147279,"orthographic":false}