{"cameraMode":{"drawMode":0,"name":"Shaded","section":"Shading Mode"},"sceneLighting":false,"audioPlay":false,"sceneViewState":{"m_AlwaysRefresh":false,"showFog":true,"showSkybox":false,"showFlares":true,"showImageEffects":true,"showParticleSystems":true,"showVisualEffectGraphs":true,"m_FxEnabled":true},"in2DMode":false,"pivot":{"x":0.019288107752799989,"y":-0.001351785846054554,"z":0.12670652568340302},"rotation":{"x":0.056628551334142688,"y":-0.8782333731651306,"z":0.10750934481620789,"w":0.46257713437080386},"size":0.22142337262630464,"orthographic":false}