{"cameraMode":{"drawMode":0,"name":"Shaded","section":"Shading Mode"},"sceneLighting":false,"audioPlay":false,"sceneViewState":{"m_AlwaysRefresh":false,"showFog":true,"showSkybox":false,"showFlares":true,"showImageEffects":true,"showParticleSystems":true,"showVisualEffectGraphs":true,"m_FxEnabled":true},"in2DMode":false,"pivot":{"x":-0.0755184218287468,"y":0.06567986309528351,"z":0.20499059557914735},"rotation":{"x":-0.06992623209953308,"y":-0.9118324518203735,"z":0.17471112310886384,"w":-0.36494776606559756},"size":0.2263260781764984,"orthographic":false}