{"cameraMode":{"drawMode":0,"name":"Shaded","section":"Shading Mode"},"sceneLighting":false,"audioPlay":false,"sceneViewState":{"m_AlwaysRefresh":false,"showFog":true,"showSkybox":false,"showFlares":true,"showImageEffects":true,"showParticleSystems":true,"showVisualEffectGraphs":true,"m_FxEnabled":true},"in2DMode":false,"pivot":{"x":1.6399999856948853,"y":1.0799999237060547,"z":20.219999313354493},"rotation":{"x":0.04835778847336769,"y":0.947270393371582,"z":-0.16967220604419709,"w":0.2685447633266449},"size":1.0606601238250733,"orthographic":false}