{"cameraMode":{"drawMode":0,"name":"Shaded","section":"Shading Mode"},"sceneLighting":true,"audioPlay":false,"sceneViewState":{"m_AlwaysRefresh":false,"showFog":true,"showSkybox":true,"showFlares":true,"showImageEffects":true,"showParticleSystems":true,"showVisualEffectGraphs":true,"m_FxEnabled":true},"in2DMode":false,"pivot":{"x":-0.35645371675491335,"y":1.495493769645691,"z":1.4916784763336182},"rotation":{"x":0.028231317177414895,"y":0.9713204503059387,"z":-0.18127021193504334,"w":0.15127494931221009},"size":0.5926049947738648,"orthographic":false}