{"cameraMode":{"drawMode":0,"name":"Shaded","section":"Shading Mode"},"sceneLighting":false,"audioPlay":false,"sceneViewState":{"m_AlwaysRefresh":false,"showFog":true,"showSkybox":false,"showFlares":true,"showImageEffects":true,"showParticleSystems":true,"showVisualEffectGraphs":true,"m_FxEnabled":true},"in2DMode":false,"pivot":{"x":0.7765645384788513,"y":0.1295141726732254,"z":0.4863028824329376},"rotation":{"x":0.021922126412391664,"y":-0.9390203356742859,"z":0.060943298041820529,"w":0.33776548504829409},"size":0.12689635157585145,"orthographic":false}