{"cameraMode":{"drawMode":0,"name":"Shaded","section":"Shading Mode"},"sceneLighting":false,"audioPlay":false,"sceneViewState":{"m_AlwaysRefresh":false,"showFog":true,"showSkybox":false,"showFlares":true,"showImageEffects":true,"showParticleSystems":true,"showVisualEffectGraphs":true,"m_FxEnabled":true},"in2DMode":false,"pivot":{"x":0.025672119110822679,"y":0.0036753304302692415,"z":0.1312539279460907},"rotation":{"x":0.056628551334142688,"y":-0.8782333731651306,"z":0.10750934481620789,"w":0.46257713437080386},"size":0.20996175706386567,"orthographic":false}