{"cameraMode":{"drawMode":0,"name":"Shaded","section":"Shading Mode"},"sceneLighting":false,"audioPlay":false,"sceneViewState":{"m_AlwaysRefresh":false,"showFog":true,"showSkybox":false,"showFlares":true,"showImageEffects":true,"showParticleSystems":true,"showVisualEffectGraphs":true,"m_FxEnabled":true},"in2DMode":false,"pivot":{"x":-0.5994734168052673,"y":-0.08129367232322693,"z":0.4520449638366699},"rotation":{"x":-0.11415302753448487,"y":-0.21923735737800599,"z":0.02583744376897812,"w":-0.9686278104782105},"size":0.8660253882408142,"orthographic":false}