{"cameraMode":{"drawMode":0,"name":"Shaded","section":"Shading Mode"},"sceneLighting":false,"audioPlay":false,"sceneViewState":{"m_AlwaysRefresh":false,"showFog":true,"showSkybox":false,"showFlares":true,"showImageEffects":true,"showParticleSystems":true,"showVisualEffectGraphs":true,"m_FxEnabled":true},"in2DMode":false,"pivot":{"x":-1.6046934127807618,"y":-1.4024513959884644,"z":-3.4088475704193117},"rotation":{"x":-0.07463277876377106,"y":0.8808846473693848,"z":-0.14831824600696565,"w":-0.4432544410228729},"size":0.8660253882408142,"orthographic":false}