{"cameraMode":{"drawMode":0,"name":"Shaded","section":"Shading Mode"},"sceneLighting":true,"audioPlay":false,"sceneViewState":{"m_AlwaysRefresh":false,"showFog":true,"showSkybox":true,"showFlares":true,"showImageEffects":true,"showParticleSystems":true,"showVisualEffectGraphs":true,"m_FxEnabled":true},"in2DMode":false,"pivot":{"x":2.181222438812256,"y":1.0455124378204346,"z":1.819412350654602},"rotation":{"x":-0.02127043716609478,"y":-0.05935398116707802,"z":0.0012653039302676917,"w":-0.9980111122131348},"size":2.082724094390869,"orthographic":false}