{"cameraMode":{"drawMode":0,"name":"Shaded","section":"Shading Mode"},"sceneLighting":false,"audioPlay":false,"sceneViewState":{"m_AlwaysRefresh":false,"showFog":true,"showSkybox":false,"showFlares":true,"showImageEffects":true,"showParticleSystems":true,"showVisualEffectGraphs":true,"m_FxEnabled":true},"in2DMode":false,"pivot":{"x":0.025579694658517839,"y":-0.001024089753627777,"z":0.15938574075698853},"rotation":{"x":0.07285304367542267,"y":-0.9152547717094421,"z":0.1925080269575119,"w":0.34637650847435},"size":0.2263260781764984,"orthographic":false}